date,gas,CO2
2015-01-01,21.18,8.06
2015-01-02,20.75,7.83
2015-01-03,20.6,7.79
2015-01-04,20.45,7.76
2015-01-05,20.3,7.72
2015-01-06,19.83,7.6
2015-01-07,19.38,7.58
2015-01-08,19.13,7.58
2015-01-09,19.48,7.48
2015-01-10,19.44,7.48
2015-01-11,19.41,7.49
2015-01-12,19.38,7.49
2015-01-13,19.75,8.12
2015-01-14,19.83,7.97
2015-01-15,19.89,7.93
2015-01-16,19.9,7.92
2015-01-17,19.76,7.94
2015-01-18,19.63,7.97
2015-01-19,19.49,7.99
2015-01-20,19.23,7.93
2015-01-21,18.91,8.13
2015-01-22,19.31,7.52
2015-01-23,19.43,7.58
2015-01-24,19.43,7.59
2015-01-25,19.43,7.59
2015-01-26,19.43,7.6
2015-01-27,19.54,7.58
2015-01-28,20.1,7.72
2015-01-29,20.41,7.81
2015-01-30,20.73,7.83
2015-01-31,20.57,7.84
2015-02-01,20.41,7.86
2015-02-02,20.25,7.87
2015-02-03,20.96,7.8
2015-02-04,20.98,7.67
2015-02-05,21.34,7.73
2015-02-06,21.65,7.67
2015-02-07,21.53,7.65
2015-02-08,21.42,7.64
2015-02-09,21.3,7.62
2015-02-10,21.51,7.84
2015-02-11,22.25,7.98
2015-02-12,23.23,8.12
2015-02-13,24.1,8.38
2015-02-14,23.85,8.39
2015-02-15,23.6,8.39
2015-02-16,23.35,8.4
2015-02-17,23.16,8.2
2015-02-18,22.88,8.22
2015-02-19,22.94,8.02
2015-02-20,22.08,8.0
2015-02-21,22.2,8.14
2015-02-22,22.33,8.28
2015-02-23,22.45,8.42
2015-02-24,21.95,8.15
2015-02-25,22.7,8.07
2015-02-26,23.14,7.74
2015-02-27,23.73,7.79
2015-02-28,23.7,7.72
2015-03-01,23.68,7.65
2015-03-02,23.65,7.58
2015-03-03,23.31,7.38
2015-03-04,22.18,7.71
2015-03-05,22.41,7.39
2015-03-06,21.94,7.46
2015-03-07,22.0,7.41
2015-03-08,22.06,7.37
2015-03-09,22.13,7.32
2015-03-10,21.89,7.47
2015-03-11,22.04,7.4
2015-03-12,22.15,7.02
2015-03-13,21.93,7.08
2015-03-14,21.78,7.09
2015-03-15,21.63,7.09
2015-03-16,21.48,7.1
2015-03-17,21.35,7.33
2015-03-18,21.21,7.34
2015-03-19,21.5,7.28
2015-03-20,21.08,7.68
2015-03-21,21.08,7.67
2015-03-22,21.09,7.66
2015-03-23,21.1,7.65
2015-03-24,21.25,7.64
2015-03-25,21.7,7.58
2015-03-26,21.38,7.54
2015-03-27,22.38,7.36
2015-03-28,22.2,7.4
2015-03-29,22.03,7.44
2015-03-30,21.86,7.48
2015-03-31,21.9,7.5
2015-04-01,22.2,7.73
2015-04-02,23.2,7.72
2015-04-03,23.09,7.71
2015-04-04,22.98,7.7
2015-04-05,22.87,7.7
2015-04-06,22.76,7.69
2015-04-07,22.65,7.68
2015-04-08,22.48,7.69
2015-04-09,22.09,7.6
2015-04-10,22.38,7.54
2015-04-11,22.62,7.49
2015-04-12,22.86,7.43
2015-04-13,23.1,7.38
2015-04-14,22.44,7.38
2015-04-15,21.9,7.42
2015-04-16,22.24,7.44
2015-04-17,22.19,7.43
2015-04-18,21.93,7.53
2015-04-19,21.68,7.63
2015-04-20,21.43,7.73
2015-04-21,21.7,7.68
2015-04-22,21.73,7.69
2015-04-23,21.6,7.84
2015-04-24,21.29,7.89
2015-04-25,21.45,7.85
2015-04-26,21.61,7.81
2015-04-27,21.78,7.77
2015-04-28,21.55,7.92
2015-04-29,21.53,8.05
2015-04-30,21.51,8.02
2015-05-01,20.85,8.07
2015-05-02,20.64,8.11
2015-05-03,20.44,8.16
2015-05-04,20.23,8.2
2015-05-05,20.03,8.15
2015-05-06,20.35,8.15
2015-05-07,20.35,8.04
2015-05-08,20.15,8.12
2015-05-09,20.21,8.15
2015-05-10,20.27,8.19
2015-05-11,20.33,8.22
2015-05-12,21.05,8.2
2015-05-13,21.01,8.24
2015-05-14,20.68,8.16
2015-05-15,20.68,8.19
2015-05-16,20.58,8.2
2015-05-17,20.49,8.21
2015-05-18,20.4,8.22
2015-05-19,20.71,7.99
2015-05-20,20.56,7.96
2015-05-21,20.53,7.9
2015-05-22,20.5,7.88
2015-05-23,20.5,7.87
2015-05-24,20.49,7.86
2015-05-25,20.49,7.84
2015-05-26,20.49,7.83
2015-05-27,20.53,7.8
2015-05-28,20.69,7.82
2015-05-29,20.63,7.9
2015-05-30,20.61,7.88
2015-05-31,20.59,7.85
2015-06-01,20.58,7.83
2015-06-02,20.5,8.01
2015-06-03,20.34,8.09
2015-06-04,20.36,7.99
2015-06-05,20.38,7.99
2015-06-06,20.36,8.01
2015-06-07,20.34,8.02
2015-06-08,20.33,8.04
2015-06-09,20.58,8.15
2015-06-10,20.69,8.16
2015-06-11,20.58,8.08
2015-06-12,20.19,8.15
2015-06-13,20.23,8.13
2015-06-14,20.27,8.11
2015-06-15,20.31,8.09
2015-06-16,20.38,7.97
2015-06-17,20.46,8.02
2015-06-18,20.34,7.98
2015-06-19,20.46,7.97
2015-06-20,20.5,7.99
2015-06-21,20.54,8.02
2015-06-22,20.58,8.04
2015-06-23,20.78,8.04
2015-06-24,20.98,8.01
2015-06-25,20.88,8.12
2015-06-26,20.7,8.09
2015-06-27,20.63,8.03
2015-06-28,20.57,7.98
2015-06-29,20.5,7.92
2015-06-30,20.39,7.98
2015-07-01,20.83,8.01
2015-07-02,20.76,8.0
2015-07-03,21.06,7.97
2015-07-04,21.02,7.95
2015-07-05,20.98,7.92
2015-07-06,20.94,7.9
2015-07-07,21.04,8.0
2015-07-08,20.73,7.98
2015-07-09,20.6,8.0
2015-07-10,20.98,8.14
2015-07-11,20.94,8.19
2015-07-12,20.91,8.24
2015-07-13,20.88,8.29
2015-07-14,21.03,8.25
2015-07-15,21.13,8.3
2015-07-16,21.19,8.2
2015-07-17,21.09,8.24
2015-07-18,21.07,8.34
2015-07-19,21.05,8.43
2015-07-20,21.03,8.53
2015-07-21,21.08,8.48
2015-07-22,21.06,8.48
2015-07-23,20.79,8.6
2015-07-24,20.54,8.53
2015-07-25,20.5,8.53
2015-07-26,20.47,8.54
2015-07-27,20.44,8.54
2015-07-28,20.5,8.52
2015-07-29,20.71,8.59
2015-07-30,20.71,8.37
2015-07-31,20.94,8.38
2015-08-01,20.78,8.41
2015-08-02,20.62,8.43
2015-08-03,20.46,8.46
2015-08-04,20.44,8.41
2015-08-05,20.0,8.34
2015-08-06,20.29,8.36
2015-08-07,20.39,8.31
2015-08-08,20.24,8.35
2015-08-09,20.1,8.38
2015-08-10,19.95,8.42
2015-08-11,20.01,8.59
2015-08-12,20.03,8.71
2015-08-13,19.49,8.72
2015-08-14,19.68,8.8
2015-08-15,19.63,8.78
2015-08-16,19.58,8.77
2015-08-17,19.53,8.75
2015-08-18,19.44,8.8
2015-08-19,19.61,8.85
2015-08-20,19.2,8.9
2015-08-21,19.09,8.7
2015-08-22,19.11,8.7
2015-08-23,19.13,8.71
2015-08-24,19.15,8.71
2015-08-25,18.61,8.76
2015-08-26,18.89,8.64
2015-08-27,18.9,8.56
2015-08-28,19.33,8.62
2015-08-29,19.39,8.6
2015-08-30,19.45,8.59
2015-08-31,19.51,8.57
2015-09-01,19.58,8.51
2015-09-02,19.73,8.62
2015-09-03,19.96,8.7
2015-09-04,20.11,8.6
2015-09-05,19.9,8.6
2015-09-06,19.68,8.6
2015-09-07,19.46,8.6
2015-09-08,19.34,8.72
2015-09-09,19.38,8.78
2015-09-10,19.41,8.76
2015-09-11,19.35,8.76
2015-09-12,19.34,8.75
2015-09-13,19.33,8.75
2015-09-14,19.31,8.74
2015-09-15,19.13,8.69
2015-09-16,19.11,8.74
2015-09-17,19.19,8.72
2015-09-18,19.1,8.61
2015-09-19,19.05,8.57
2015-09-20,19.01,8.54
2015-09-21,18.96,8.5
2015-09-22,19.0,8.51
2015-09-23,19.08,8.57
2015-09-24,19.24,8.5
2015-09-25,18.61,8.49
2015-09-26,18.72,8.46
2015-09-27,18.82,8.44
2015-09-28,18.93,8.41
2015-09-29,18.58,8.46
2015-09-30,18.64,8.64
2015-10-01,18.3,8.65
2015-10-02,18.0,8.63
2015-10-03,17.88,8.65
2015-10-04,17.77,8.66
2015-10-05,17.65,8.68
2015-10-06,17.54,8.69
2015-10-07,18.2,8.6
2015-10-08,18.41,8.61
2015-10-09,18.59,8.82
2015-10-10,18.55,8.81
2015-10-11,18.51,8.8
2015-10-12,18.48,8.79
2015-10-13,18.7,8.82
2015-10-14,18.39,8.91
2015-10-15,18.3,8.92
2015-10-16,18.45,8.88
2015-10-17,18.46,8.86
2015-10-18,18.47,8.85
2015-10-19,18.48,8.83
2015-10-20,18.75,8.92
2015-10-21,18.46,8.91
2015-10-22,18.34,8.94
2015-10-23,18.3,9.09
2015-10-24,18.29,9.11
2015-10-25,18.28,9.12
2015-10-26,18.26,9.14
2015-10-27,18.04,9.1
2015-10-28,18.08,9.05
2015-10-29,18.04,9.14
2015-10-30,18.14,9.12
2015-10-31,18.0,9.1
2015-11-01,17.87,9.09
2015-11-02,17.74,9.07
2015-11-03,17.66,8.93
2015-11-04,17.51,8.88
2015-11-05,17.49,8.94
2015-11-06,17.18,8.88
2015-11-07,17.03,8.85
2015-11-08,16.89,8.83
2015-11-09,16.75,8.8
2015-11-10,16.48,8.91
2015-11-11,16.58,8.92
2015-11-12,16.38,8.87
2015-11-13,16.18,8.86
2015-11-14,16.12,8.9
2015-11-15,16.06,8.95
2015-11-16,16.0,8.99
2015-11-17,16.49,9.07
2015-11-18,17.1,9.06
2015-11-19,17.16,9.1
2015-11-20,17.43,8.99
2015-11-21,17.38,9.0
2015-11-22,17.34,9.02
2015-11-23,17.3,9.03
2015-11-24,17.61,9.13
2015-11-25,17.6,9.1
2015-11-26,17.88,9.06
2015-11-27,17.69,9.04
2015-11-28,17.71,9.05
2015-11-29,17.74,9.05
2015-11-30,17.76,9.06
2015-12-01,18.1,9.03
2015-12-02,18.03,8.98
2015-12-03,17.66,9.05
2015-12-04,17.29,9.0
2015-12-05,17.28,8.97
2015-12-06,17.26,8.93
2015-12-07,17.25,8.9
2015-12-08,16.85,8.9
2015-12-09,16.8,8.88
2015-12-10,16.6,8.84
2015-12-11,16.58,8.54
2015-12-12,16.5,8.55
2015-12-13,16.42,8.55
2015-12-14,16.34,8.56
2015-12-15,16.04,8.68
2015-12-16,15.95,8.6
2015-12-17,15.2,8.58
2015-12-18,15.28,8.56
2015-12-19,15.15,8.6
2015-12-20,15.02,8.63
2015-12-21,14.89,8.67
2015-12-22,14.49,8.73
2015-12-23,14.16,8.7
2015-12-24,13.98,8.72
2015-12-25,14.01,8.74
2015-12-26,14.04,8.76
2015-12-27,14.07,8.78
2015-12-28,14.1,8.8
2015-12-29,14.13,8.74
2015-12-30,15.39,8.68
2015-12-31,14.5,8.65
2016-01-01,14.46,8.61
2016-01-02,14.43,8.58
2016-01-03,14.39,8.54
2016-01-04,14.35,8.51
2016-01-05,14.66,8.46
2016-01-06,14.76,8.2
2016-01-07,15.18,7.98
2016-01-08,15.44,7.85
2016-01-09,15.15,7.75
2016-01-10,14.86,7.66
2016-01-11,14.58,7.56
2016-01-12,14.46,7.52
2016-01-13,14.04,7.66
2016-01-14,14.25,7.52
2016-01-15,13.79,7.14
2016-01-16,13.68,7.14
2016-01-17,13.57,7.14
2016-01-18,13.46,7.14
2016-01-19,13.64,7.28
2016-01-20,13.63,6.73
2016-01-21,13.05,6.6
2016-01-22,13.05,6.73
2016-01-23,13.24,6.58
2016-01-24,13.43,6.42
2016-01-25,13.63,6.27
2016-01-26,12.73,6.46
2016-01-27,13.04,6.28
2016-01-28,13.43,6.45
2016-01-29,13.44,6.42
2016-01-30,13.35,6.29
2016-01-31,13.26,6.15
2016-02-01,13.18,6.02
2016-02-02,12.8,6.14
2016-02-03,13.0,5.95
2016-02-04,13.06,5.93
2016-02-05,12.48,5.86
2016-02-06,12.45,5.75
2016-02-07,12.42,5.65
2016-02-08,12.39,5.54
2016-02-09,12.28,5.22
2016-02-10,12.11,5.12
2016-02-11,12.33,4.99
2016-02-12,12.13,5.3
2016-02-13,12.13,5.21
2016-02-14,12.13,5.13
2016-02-15,12.14,5.04
2016-02-16,12.55,4.91
2016-02-17,12.58,5.32
2016-02-18,12.39,5.49
2016-02-19,12.38,5.41
2016-02-20,12.31,5.49
2016-02-21,12.24,5.57
2016-02-22,12.18,5.65
2016-02-23,12.64,5.13
2016-02-24,12.71,5.07
2016-02-25,12.53,5.27
2016-02-26,12.31,5.2
2016-02-27,12.34,5.2
2016-02-28,12.37,5.2
2016-02-29,12.4,5.2
2016-03-01,12.56,5.2
2016-03-02,12.56,5.15
2016-03-03,12.68,5.09
2016-03-04,12.55,5.11
2016-03-05,12.45,5.17
2016-03-06,12.34,5.22
2016-03-07,12.24,5.28
2016-03-08,12.51,5.23
2016-03-09,12.29,5.28
2016-03-10,12.34,5.1
2016-03-11,12.14,5.19
2016-03-12,12.21,5.15
2016-03-13,12.29,5.12
2016-03-14,12.36,5.08
2016-03-15,12.29,5.04
2016-03-16,12.23,5.14
2016-03-17,12.38,5.17
2016-03-18,12.36,5.12
2016-03-19,12.32,5.1
2016-03-20,12.28,5.07
2016-03-21,12.24,5.05
2016-03-22,11.96,4.98
2016-03-23,12.04,4.98
2016-03-24,12.09,5.03
2016-03-25,12.07,5.02
2016-03-26,12.04,5.01
2016-03-27,12.02,4.99
2016-03-28,12.0,4.98
2016-03-29,11.98,4.97
2016-03-30,12.03,5.14
2016-03-31,12.1,5.39
2016-04-01,12.38,5.38
2016-04-02,12.08,5.43
2016-04-03,11.79,5.47
2016-04-04,11.5,5.52
2016-04-05,11.29,5.41
2016-04-06,11.34,5.49
2016-04-07,11.34,5.45
2016-04-08,11.33,5.61
2016-04-09,11.27,5.66
2016-04-10,11.22,5.71
2016-04-11,11.16,5.76
2016-04-12,11.04,5.76
2016-04-13,11.35,5.72
2016-04-14,11.36,5.78
2016-04-15,11.34,5.64
2016-04-16,11.32,5.64
2016-04-17,11.3,5.64
2016-04-18,11.29,5.64
2016-04-19,11.76,5.75
2016-04-20,11.99,5.73
2016-04-21,11.96,5.93
2016-04-22,12.79,6.13
2016-04-23,12.93,6.12
2016-04-24,13.07,6.11
2016-04-25,13.21,6.1
2016-04-26,13.41,6.81
2016-04-27,14.28,7.03
2016-04-28,14.54,6.52
2016-04-29,13.1,6.38
2016-04-30,13.04,6.35
2016-05-01,12.98,6.33
2016-05-02,12.92,6.3
2016-05-03,12.86,6.16
2016-05-04,12.15,6.34
2016-05-05,12.31,6.41
2016-05-06,12.63,6.04
2016-05-07,12.66,6.0
2016-05-08,12.7,5.95
2016-05-09,12.74,5.91
2016-05-10,12.94,6.11
2016-05-11,12.9,6.22
2016-05-12,12.94,6.03
2016-05-13,12.88,6.03
2016-05-14,12.92,6.11
2016-05-15,12.96,6.2
2016-05-16,13.0,6.28
2016-05-17,13.05,6.22
2016-05-18,13.2,6.26
2016-05-19,13.13,6.18
2016-05-20,12.89,6.17
2016-05-21,12.91,6.09
2016-05-22,12.93,6.02
2016-05-23,12.95,5.94
2016-05-24,12.95,5.99
2016-05-25,13.01,6.06
2016-05-26,13.2,6.21
2016-05-27,13.6,6.22
2016-05-28,13.72,6.25
2016-05-29,13.84,6.28
2016-05-30,13.96,6.31
2016-05-31,14.08,6.3
2016-06-01,14.23,6.16
2016-06-02,14.23,6.22
2016-06-03,14.75,6.12
2016-06-04,14.59,6.22
2016-06-05,14.43,6.31
2016-06-06,14.28,6.41
2016-06-07,14.65,6.3
2016-06-08,15.0,6.32
2016-06-09,14.53,6.28
2016-06-10,14.33,6.13
2016-06-11,14.19,6.1
2016-06-12,14.06,6.06
2016-06-13,13.93,6.03
2016-06-14,13.8,6.03
2016-06-15,14.11,6.07
2016-06-16,14.11,5.88
2016-06-17,14.26,5.86
2016-06-18,14.29,5.92
2016-06-19,14.31,5.97
2016-06-20,14.34,6.03
2016-06-21,15.14,5.74
2016-06-22,14.76,5.85
2016-06-23,15.13,5.82
2016-06-24,15.09,5.15
2016-06-25,14.89,5.09
2016-06-26,14.69,5.02
2016-06-27,14.49,4.96
2016-06-28,14.39,4.88
2016-06-29,14.14,4.69
2016-06-30,14.33,4.64
2016-07-01,14.1,4.78
2016-07-02,14.08,4.9
2016-07-03,14.05,5.02
2016-07-04,14.03,5.14
2016-07-05,14.34,4.89
2016-07-06,14.15,4.74
2016-07-07,14.15,4.75
2016-07-08,14.29,4.73
2016-07-09,14.2,4.68
2016-07-10,14.11,4.63
2016-07-11,14.03,4.58
2016-07-12,13.9,4.76
2016-07-13,14.31,4.95
2016-07-14,14.2,4.95
2016-07-15,14.26,5.07
2016-07-16,14.2,5.04
2016-07-17,14.14,5.02
2016-07-18,14.08,4.99
2016-07-19,14.3,4.83
2016-07-20,14.28,4.82
2016-07-21,14.5,4.8
2016-07-22,14.78,4.71
2016-07-23,14.68,4.72
2016-07-24,14.59,4.74
2016-07-25,14.5,4.75
2016-07-26,14.64,4.69
2016-07-27,14.5,4.69
2016-07-28,14.24,4.66
2016-07-29,13.8,4.58
2016-07-30,13.7,4.57
2016-07-31,13.6,4.55
2016-08-01,13.5,4.54
2016-08-02,13.6,4.58
2016-08-03,13.41,4.79
2016-08-04,13.25,4.85
2016-08-05,13.33,4.87
2016-08-06,13.1,4.95
2016-08-07,12.88,5.02
2016-08-08,12.65,5.1
2016-08-09,12.54,5.02
2016-08-10,12.69,4.94
2016-08-11,12.38,5.04
2016-08-12,12.05,5.04
2016-08-13,11.94,5.0
2016-08-14,11.83,4.97
2016-08-15,11.73,4.93
2016-08-16,11.2,4.84
2016-08-17,11.58,4.63
2016-08-18,11.45,4.84
2016-08-19,11.29,4.92
2016-08-20,11.04,4.96
2016-08-21,10.8,5.01
2016-08-22,10.55,5.05
2016-08-23,11.05,4.84
2016-08-24,11.36,4.74
2016-08-25,10.91,4.84
2016-08-26,11.05,4.83
2016-08-27,11.24,4.83
2016-08-28,11.43,4.83
2016-08-29,11.61,4.83
2016-08-30,11.8,4.67
2016-08-31,11.74,4.6
2016-09-01,11.66,4.52
2016-09-02,11.95,4.24
2016-09-03,12.0,4.18
2016-09-04,12.05,4.11
2016-09-05,12.1,4.05
2016-09-06,11.96,4.27
2016-09-07,12.11,4.15
2016-09-08,11.25,4.2
2016-09-09,11.21,4.2
2016-09-10,11.2,4.19
2016-09-11,11.19,4.18
2016-09-12,11.18,4.17
2016-09-13,10.78,4.18
2016-09-14,11.15,4.11
2016-09-15,11.19,4.27
2016-09-16,11.65,4.49
2016-09-17,11.68,4.51
2016-09-18,11.7,4.52
2016-09-19,11.73,4.54
2016-09-20,13.53,4.29
2016-09-21,12.41,4.34
2016-09-22,13.04,4.56
2016-09-23,13.24,4.68
2016-09-24,13.24,4.7
2016-09-25,13.25,4.71
2016-09-26,13.25,4.73
2016-09-27,13.44,4.57
2016-09-28,12.65,5.09
2016-09-29,13.14,5.14
2016-09-30,13.61,5.07
2016-10-01,13.55,5.19
2016-10-02,13.49,5.31
2016-10-03,13.43,5.43
2016-10-04,12.56,5.33
2016-10-05,13.71,5.6
2016-10-06,14.95,5.99
2016-10-07,15.48,5.82
2016-10-08,15.48,5.81
2016-10-09,15.48,5.81
2016-10-10,15.49,5.8
2016-10-11,15.51,5.56
2016-10-12,15.45,5.65
2016-10-13,15.19,5.77
2016-10-14,15.54,5.94
2016-10-15,15.54,5.96
2016-10-16,15.54,5.97
2016-10-17,15.54,5.99
2016-10-18,15.96,6.08
2016-10-19,16.65,5.79
2016-10-20,16.89,5.68
2016-10-21,17.03,6.02
2016-10-22,17.02,5.98
2016-10-23,17.01,5.94
2016-10-24,17.0,5.9
2016-10-25,17.44,5.91
2016-10-26,17.59,6.05
2016-10-27,17.24,5.9
2016-10-28,17.31,5.98
2016-10-29,17.18,5.99
2016-10-30,17.05,6.0
2016-10-31,16.93,6.01
2016-11-01,17.74,6.14
2016-11-02,18.26,6.37
2016-11-03,19.09,6.62
2016-11-04,18.75,6.52
2016-11-05,18.58,6.46
2016-11-06,18.42,6.41
2016-11-07,18.25,6.35
2016-11-08,18.05,6.26
2016-11-09,17.88,6.25
2016-11-10,18.0,6.04
2016-11-11,18.13,5.8
2016-11-12,18.13,5.71
2016-11-13,18.14,5.61
2016-11-14,18.15,5.52
2016-11-15,17.66,5.85
2016-11-16,17.88,5.67
2016-11-17,17.68,6.02
2016-11-18,17.75,5.69
2016-11-19,17.86,5.66
2016-11-20,17.98,5.63
2016-11-21,18.09,5.6
2016-11-22,17.18,5.63
2016-11-23,17.66,5.49
2016-11-24,17.73,5.44
2016-11-25,17.98,5.1
2016-11-26,17.89,5.02
2016-11-27,17.81,4.93
2016-11-28,17.73,4.85
2016-11-29,18.25,4.66
2016-11-30,18.23,4.69
2016-12-01,18.3,4.57
2016-12-02,18.1,4.41
2016-12-03,17.98,4.43
2016-12-04,17.87,4.46
2016-12-05,17.75,4.48
2016-12-06,17.0,4.61
2016-12-07,16.49,4.41
2016-12-08,16.33,4.73
2016-12-09,16.6,4.57
2016-12-10,16.64,4.71
2016-12-11,16.68,4.84
2016-12-12,16.71,4.98
2016-12-13,17.24,4.9
2016-12-14,17.28,5.11
2016-12-15,17.09,4.94
2016-12-16,17.13,5.02
2016-12-17,17.24,5.08
2016-12-18,17.35,5.13
2016-12-19,17.46,5.19
2016-12-20,17.7,5.34
2016-12-21,17.61,5.91
2016-12-22,17.73,6.19
2016-12-23,18.14,6.33
2016-12-24,18.18,6.35
2016-12-25,18.22,6.38
2016-12-26,18.26,6.4
2016-12-27,18.3,6.42
2016-12-28,18.34,6.43
2016-12-29,18.78,6.44
2016-12-30,18.94,6.67
2016-12-31,19.04,6.53
2017-01-01,19.14,6.38
2017-01-02,19.24,6.24
2017-01-03,19.34,5.55
2017-01-04,18.5,5.81
2017-01-05,19.33,5.38
2017-01-06,18.95,5.14
2017-01-07,18.84,5.22
2017-01-08,18.73,5.3
2017-01-09,18.63,5.38
2017-01-10,19.19,5.61
2017-01-11,20.06,5.63
2017-01-12,20.58,5.15
2017-01-13,20.44,5.15
2017-01-14,20.35,5.03
2017-01-15,20.27,4.9
2017-01-16,20.19,4.78
2017-01-17,19.14,5.09
2017-01-18,19.75,4.93
2017-01-19,20.15,5.26
2017-01-20,20.59,5.5
2017-01-21,20.69,5.47
2017-01-22,20.79,5.45
2017-01-23,20.89,5.42
2017-01-24,22.19,5.18
2017-01-25,21.75,5.06
2017-01-26,20.79,5.28
2017-01-27,20.19,5.01
2017-01-28,20.03,5.09
2017-01-29,19.86,5.17
2017-01-30,19.7,5.25
2017-01-31,20.78,5.45
2017-02-01,21.1,5.38
2017-02-02,22.25,5.33
2017-02-03,22.11,5.25
2017-02-04,22.45,5.23
2017-02-05,22.78,5.21
2017-02-06,23.11,5.19
2017-02-07,23.0,5.26
2017-02-08,22.15,5.31
2017-02-09,20.75,5.4
2017-02-10,20.7,5.22
2017-02-11,20.48,5.14
2017-02-12,20.27,5.07
2017-02-13,20.05,4.99
2017-02-14,19.05,5.22
2017-02-15,18.71,5.17
2017-02-16,18.8,5.03
2017-02-17,19.0,5.08
2017-02-18,18.73,5.12
2017-02-19,18.47,5.15
2017-02-20,18.2,5.19
2017-02-21,18.13,5.16
2017-02-22,17.78,5.18
2017-02-23,17.8,5.44
2017-02-24,18.33,5.49
2017-02-25,18.08,5.43
2017-02-26,17.84,5.37
2017-02-27,17.6,5.31
2017-02-28,17.16,5.33
2017-03-01,16.93,6.01
2017-03-02,17.25,5.56
2017-03-03,16.99,5.7
2017-03-04,16.89,5.67
2017-03-05,16.79,5.63
2017-03-06,16.69,5.6
2017-03-07,16.8,5.49
2017-03-08,16.55,5.34
2017-03-09,16.43,5.23
2017-03-10,16.2,5.27
2017-03-11,16.13,5.27
2017-03-12,16.06,5.26
2017-03-13,15.99,5.26
2017-03-14,15.85,5.22
2017-03-15,16.0,5.31
2017-03-16,16.0,5.26
2017-03-17,15.76,5.23
2017-03-18,15.77,5.18
2017-03-19,15.77,5.13
2017-03-20,15.78,5.08
2017-03-21,15.49,5.05
2017-03-22,15.59,5.07
2017-03-23,15.49,5.09
2017-03-24,15.18,4.87
2017-03-25,15.08,4.82
2017-03-26,14.99,4.78
2017-03-27,14.9,4.73
2017-03-28,14.71,4.85
2017-03-29,14.75,4.87
2017-03-30,15.06,5.03
2017-03-31,15.66,4.79
2017-04-01,15.6,4.85
2017-04-02,15.54,4.91
2017-04-03,15.48,4.97
2017-04-04,16.01,4.75
2017-04-05,16.03,4.94
2017-04-06,16.21,5.18
2017-04-07,16.08,5.0
2017-04-08,15.95,4.97
2017-04-09,15.82,4.93
2017-04-10,15.69,4.9
2017-04-11,15.6,4.99
2017-04-12,15.7,5.05
2017-04-13,15.7,5.07
2017-04-14,15.71,5.05
2017-04-15,15.71,5.03
2017-04-16,15.72,5.02
2017-04-17,15.72,5.0
2017-04-18,15.73,4.98
2017-04-19,16.58,4.95
2017-04-20,16.45,4.87
2017-04-21,16.15,4.69
2017-04-22,16.32,4.72
2017-04-23,16.49,4.74
2017-04-24,16.66,4.77
2017-04-25,16.39,4.61
2017-04-26,16.13,4.73
2017-04-27,16.39,4.67
2017-04-28,16.26,4.67
2017-04-29,16.31,4.64
2017-04-30,16.35,4.62
2017-05-01,16.39,4.59
2017-05-02,16.44,4.56
2017-05-03,16.78,4.51
2017-05-04,16.65,4.64
2017-05-05,16.11,4.7
2017-05-06,16.1,4.64
2017-05-07,16.08,4.59
2017-05-08,16.06,4.53
2017-05-09,15.94,4.64
2017-05-10,15.9,4.57
2017-05-11,16.04,4.48
2017-05-12,15.29,4.57
2017-05-13,15.37,4.55
2017-05-14,15.45,4.53
2017-05-15,15.54,4.51
2017-05-16,15.5,4.65
2017-05-17,15.5,4.71
2017-05-18,15.54,4.89
2017-05-19,15.71,4.98
2017-05-20,15.6,5.0
2017-05-21,15.49,5.02
2017-05-22,15.38,5.04
2017-05-23,15.26,4.86
2017-05-24,15.5,5.02
2017-05-25,15.2,5.1
2017-05-26,15.01,5.3
2017-05-27,15.03,5.3
2017-05-28,15.05,5.3
2017-05-29,15.07,5.3
2017-05-30,15.09,5.27
2017-05-31,15.53,5.1
2017-06-01,15.21,5.2
2017-06-02,15.05,5.28
2017-06-03,14.92,5.29
2017-06-04,14.79,5.29
2017-06-05,14.66,5.3
2017-06-06,15.05,5.1
2017-06-07,14.8,5.01
2017-06-08,14.96,5.18
2017-06-09,15.15,5.15
2017-06-10,15.17,5.11
2017-06-11,15.18,5.08
2017-06-12,15.2,5.04
2017-06-13,15.06,5.14
2017-06-14,15.16,5.06
2017-06-15,15.24,5.08
2017-06-16,14.76,5.0
2017-06-17,14.88,5.02
2017-06-18,15.0,5.04
2017-06-19,15.11,5.06
2017-06-20,15.41,5.09
2017-06-21,15.39,5.02
2017-06-22,15.34,5.0
2017-06-23,15.23,5.01
2017-06-24,15.16,4.98
2017-06-25,15.1,4.94
2017-06-26,15.04,4.91
2017-06-27,15.26,5.06
2017-06-28,15.33,5.06
2017-06-29,15.33,5.21
2017-06-30,14.96,5.17
2017-07-01,15.09,5.21
2017-07-02,15.21,5.24
2017-07-03,15.34,5.28
2017-07-04,15.44,5.25
2017-07-05,15.34,5.17
2017-07-06,15.44,5.37
2017-07-07,15.26,5.48
2017-07-08,15.2,5.5
2017-07-09,15.13,5.51
2017-07-10,15.06,5.53
2017-07-11,15.09,5.45
2017-07-12,14.73,5.61
2017-07-13,14.81,5.49
2017-07-14,14.95,5.55
2017-07-15,14.98,5.56
2017-07-16,15.0,5.57
2017-07-17,15.03,5.58
2017-07-18,14.96,5.6
2017-07-19,14.98,5.52
2017-07-20,15.0,5.43
2017-07-21,15.15,5.22
2017-07-22,15.15,5.24
2017-07-23,15.14,5.25
2017-07-24,15.14,5.27
2017-07-25,15.0,5.3
2017-07-26,14.98,5.39
2017-07-27,15.4,5.27
2017-07-28,15.16,5.31
2017-07-29,15.11,5.32
2017-07-30,15.05,5.34
2017-07-31,15.0,5.35
2017-08-01,15.2,5.41
2017-08-02,14.9,5.54
2017-08-03,14.96,5.56
2017-08-04,15.03,5.48
2017-08-05,15.08,5.45
2017-08-06,15.13,5.42
2017-08-07,15.18,5.39
2017-08-08,15.53,5.4
2017-08-09,15.44,5.5
2017-08-10,15.95,5.49
2017-08-11,16.15,5.51
2017-08-12,16.17,5.55
2017-08-13,16.19,5.6
2017-08-14,16.21,5.64
2017-08-15,15.9,5.66
2017-08-16,15.85,5.92
2017-08-17,16.14,5.93
2017-08-18,16.2,5.95
2017-08-19,16.25,5.93
2017-08-20,16.31,5.9
2017-08-21,16.36,5.88
2017-08-22,16.35,5.9
2017-08-23,16.31,6.07
2017-08-24,16.68,6.08
2017-08-25,16.34,6.21
2017-08-26,16.38,6.22
2017-08-27,16.41,6.22
2017-08-28,16.45,6.23
2017-08-29,16.49,6.14
2017-08-30,16.61,6.14
2017-08-31,16.79,6.06
2017-09-01,16.36,5.95
2017-09-02,16.39,5.98
2017-09-03,16.41,6.01
2017-09-04,16.44,6.04
2017-09-05,16.5,6.62
2017-09-06,16.93,6.83
2017-09-07,16.94,7.02
2017-09-08,16.81,7.19
2017-09-09,16.9,7.12
2017-09-10,16.98,7.06
2017-09-11,17.06,6.99
2017-09-12,17.29,6.96
2017-09-13,17.29,7.22
2017-09-14,17.56,7.22
2017-09-15,18.0,7.06
2017-09-16,17.98,6.99
2017-09-17,17.95,6.92
2017-09-18,17.93,6.85
2017-09-19,17.99,7.15
2017-09-20,17.68,7.01
2017-09-21,17.45,6.66
2017-09-22,17.3,6.78
2017-09-23,17.28,6.99
2017-09-24,17.26,7.19
2017-09-25,17.24,7.4
2017-09-26,17.84,7.1
2017-09-27,17.86,7.04
2017-09-28,17.63,7.1
2017-09-29,17.66,7.2
2017-09-30,17.23,7.15
2017-10-01,16.79,7.11
2017-10-02,16.35,7.06
2017-10-03,16.55,7.13
2017-10-04,17.39,7.02
2017-10-05,17.35,7.0
2017-10-06,17.86,7.11
2017-10-07,17.82,7.1
2017-10-08,17.78,7.08
2017-10-09,17.74,7.07
2017-10-10,17.99,7.5
2017-10-11,17.6,7.49
2017-10-12,17.21,7.52
2017-10-13,16.9,7.43
2017-10-14,16.79,7.45
2017-10-15,16.68,7.47
2017-10-16,16.58,7.49
2017-10-17,16.26,7.53
2017-10-18,16.96,7.91
2017-10-19,16.8,7.76
2017-10-20,16.49,7.69
2017-10-21,16.43,7.65
2017-10-22,16.36,7.6
2017-10-23,16.3,7.56
2017-10-24,16.86,7.59
2017-10-25,16.68,7.51
2017-10-26,16.99,7.32
2017-10-27,17.0,7.29
2017-10-28,17.03,7.28
2017-10-29,17.05,7.27
2017-10-30,17.08,7.26
2017-10-31,18.0,7.5
2017-11-01,17.91,7.63
2017-11-02,18.41,7.78
2017-11-03,18.01,7.99
2017-11-04,18.09,8.01
2017-11-05,18.17,8.02
2017-11-06,18.25,8.04
2017-11-07,18.98,7.88
2017-11-08,19.31,7.83
2017-11-09,19.3,7.67
2017-11-10,19.38,7.53
2017-11-11,19.52,7.51
2017-11-12,19.67,7.48
2017-11-13,19.81,7.46
2017-11-14,19.94,7.5
2017-11-15,19.35,7.8
2017-11-16,19.1,7.62
2017-11-17,19.16,7.61
2017-11-18,19.13,7.59
2017-11-19,19.09,7.56
2017-11-20,19.05,7.54
2017-11-21,19.59,7.51
2017-11-22,19.7,7.48
2017-11-23,19.61,7.77
2017-11-24,20.23,7.86
2017-11-25,20.33,7.84
2017-11-26,20.44,7.82
2017-11-27,20.55,7.8
2017-11-28,20.9,7.71
2017-11-29,20.71,7.82
2017-11-30,20.88,7.64
2017-12-01,20.81,7.79
2017-12-02,20.84,7.74
2017-12-03,20.86,7.7
2017-12-04,20.89,7.65
2017-12-05,21.63,7.54
2017-12-06,21.41,7.38
2017-12-07,21.16,7.44
2017-12-08,21.38,7.25
2017-12-09,21.25,7.27
2017-12-10,21.12,7.29
2017-12-11,20.99,7.31
2017-12-12,21.9,7.25
2017-12-13,22.26,7.17
2017-12-14,21.5,7.19
2017-12-15,21.7,7.28
2017-12-16,21.67,7.35
2017-12-17,21.63,7.42
2017-12-18,21.6,7.49
2017-12-19,21.19,7.61
2017-12-20,20.18,7.86
2017-12-21,20.33,8.08
2017-12-22,20.29,8.25
2017-12-23,20.2,8.25
2017-12-24,20.12,8.24
2017-12-25,20.03,8.24
2017-12-26,19.95,8.23
2017-12-27,19.86,8.23
2017-12-28,19.88,8.26
2017-12-29,19.88,8.18
2017-12-30,19.78,8.1
2017-12-31,19.69,8.02
